采集日期,平台名称,成交额(万),综合利率,投资人(人),借款周期(月),借款人(人),满标速度(分钟),累计贷款金额(万),净资金流入(万)
2017-09-30,微贷网,40659.13,8.33%,11427,7.21,16009,0.43,1747583.65,11573.31
2017-09-30,团贷网,33012.73,9.99%,31382,9.21,2836,0.37,1160524.51,15224.49
2017-09-30,红岭创投,32469.07,8.8%,13681,2.35,2428,13.96,2066583.82,-37958.64
2017-09-30,宜贷网,22142.54,12.13%,8544,1.80,1908,6.14,571374.51,1905.73
2017-09-30,爱钱进,21474.69,10.3%,15179,30.95,5833,2.22,3254409.89,20521.7
2017-09-30,小牛在线,17902.94,9.38%,14469,4.37,755,65.32,1144372.48,10569.42
2017-09-30,宜人贷,13552.99,11.44%,82289,28.22,2485,1.32,0,0
2017-09-30,你我贷,12675.36,10.39%,43710,11.17,46595,3.61,1683998.44,4407.29
2017-09-30,向上金服,11252.25,10.03%,0,2.43,44,0,3310145.08,11264.14
2017-09-30,翼龙贷,9753.83,9.74%,2744,11.80,2345,13.69,2188119.43,2616.64
2017-09-30,泰然金融,9703.96,9.06%,2192,5.91,2935,3.30,52100.53,4977.11
2017-09-30,PPmoney理财,9146.03,8.29%,45983,4.58,29301,0.03,1219789.62,3527.59
2017-09-30,共信赢,8226.42,12.73%,293,7.80,1,221.21,526521.05,0
2017-09-30,温商贷,7980.56,10.85%,3761,5.45,110,245.21,613159.93,2552.33
2017-09-30,恒易融,7693.31,12.47%,1309,31.64,886,0.32,1607938.13,5602.63
2017-09-30,有利网,7653.63,9.14%,26080,22.61,8877,0.04,1655439.87,5031.29
2017-09-30,爱投资,7459.69,11.27%,5041,12.53,281,92.97,1166334.29,5062.09
2017-09-30,博金贷,7373.79,6.92%,685,2.93,132,121.31,949924.42,5174.74
2017-09-30,冠e通,7317,10.02%,2830,10.26,54,61.58,618584.48,4753.09
2017-09-30,积木盒子,6569.87,8.91%,17429,12.36,27250,18.03,602763.05,-33.32
2017-09-30,鹏金所,6269.99,6.61%,441,8.12,122,16.88,824364.28,0
2017-09-30,钜宝盆,5052.5,8%,2704,35.78,526,1.09,672299.05,4722.94
2017-09-30,钱多多,4788.84,11.13%,1214,6.39,23,114.78,255480.67,2491.76
2017-09-30,财富中国,4628.7,9.73%,1529,13.44,268,148.83,1180429.7,3042.97
2017-09-30,汇盈金服,4397.79,9.83%,1000,3.74,86,45.24,313360.59,1807.96
2017-09-30,中业兴融,4217,10.91%,899,6.17,86,268.72,241628.7,2577.9
2017-09-30,人人贷,4211.67,9.56%,9394,34.54,557,2.88,2306919.57,541.49
2017-09-30,东方汇,4165.04,4.97%,607,2.62,29,453.77,298421.17,0
2017-09-30,投哪网,4036.09,8.03%,0,5.15,540,0,833089.54,-1267.13
2017-09-30,91旺财,3887,7.25%,822,2.27,58,122.48,171553.09,551.34
2017-09-30,亿宝贷,3873.3,7.23%,1013,1.64,34216,0.31,58026.81,768.96
2017-09-30,生菜金融,3835.84,9.12%,836,3.51,317,0.00,79850.81,527.95
2017-09-30,网利宝,3781.9,9.35%,1810,7.94,40,294.19,210777.9,883.7
2017-09-30,拓道金服,3499.07,9.24%,1776,3.73,313,68.31,125052.66,2562.23
2017-09-30,融金所,3114.85,10.07%,2685,4.89,144,68.18,277903.56,717.79
2017-09-30,小诺理财,3066.9,8.24%,512,7.59,287,7.02,453783.2,1254.35
2017-09-30,首E家,3033.8,6.98%,671,3.65,291,19.71,217955.06,2509.26
2017-09-30,e路同心,3022.8,9.78%,2926,9.69,5921,89.34,122911.06,1604.06
2017-09-30,小微金融,2990,13.06%,745,6.25,9,158.78,288976.51,736.16
2017-09-30,人人聚财,2973.4,9.81%,43912,10.23,393,5.52,317331.06,1363.94
2017-09-30,国金宝,2770,8.87%,1145,4.25,28,249.01,230232.78,1485.38
2017-09-30,易通贷,2654.38,12.5%,2641,5.09,19,160.14,334175.96,578.35
2017-09-30,可溯金融,2643.31,9.29%,1454,3.43,302,44.35,75103.82,1585.01
2017-09-30,民贷天下,2609.25,7.18%,529,6.12,1099,0.10,231034.34,274.13
2017-09-30,钱爸爸,2594.3,8.88%,714,1.22,17,5.29,101683.08,0
2017-09-30,普惠家,2526.62,10.55%,730,18.62,168,223.56,387999.65,0
2017-09-30,凤凰金融,2493.42,6.31%,406,8.35,73,483.55,1575851.12,-4692.52
2017-09-30,理财范,2479.31,9.52%,901,8.38,125,95.84,188269.21,842.47
2017-09-30,小猪理财,2416,12.98%,1139,2.98,120,55.27,106187.05,-436.1
2017-09-30,来存吧,2274.03,10.86%,472,2.34,1,1261.02,125456.67,0
2017-09-30,和信贷,2246.84,11.37%,730,1.07,42,190.53,217530.43,1477.27
2017-09-30,道口贷,2205.95,7.94%,1014,3.06,38,349.44,143037.39,761.86
2017-09-30,有融网,2187.58,11%,872,3.19,72,117.12,124521.41,1123.35
2017-09-30,理财农场,2180.19,9.78%,1168,5.04,256,293.48,166946.46,0
2017-09-30,广信贷,2107.19,12.3%,927,9.68,148,62.09,204699.53,1248.55
2017-09-30,钱盆网,2106.35,13.8%,2404,8.82,2479,2.32,137144.14,802.34
2017-09-30,多赢,1979.88,9.53%,745,2.67,27,95.41,67654.68,0
2017-09-30,宝象金融,1939.42,10.01%,1938,5.52,76,137.94,68721.49,0
2017-09-30,合时代,1937.56,9.9%,735,7.77,110,141.98,240349.85,190.12
2017-09-30,多融财富,1928.19,9.25%,869,3.35,2,1359.23,80331.21,0
2017-09-30,地标金融,1910,10.71%,392,2.36,4,272.63,50224.27,529.38
2017-09-30,365易贷,1820.79,10.35%,1359,3.68,133,85.13,114659.44,359.48
2017-09-30,口贷网,1800,16.67%,433,5.67,6,103.21,83143.63,1081.12
2017-09-30,礼德财富,1785.94,10.7%,1013,4.06,50,61.74,111828.39,788.57
2017-09-30,投融家,1761.85,8.55%,0,3.23,97,0,149162.37,924.19
2017-09-30,聚宝匯,1753.89,8.87%,687,10.33,117,232.90,2524498.44,0
2017-09-30,银票网,1699.89,10.38%,698,3.70,2,366.84,70513.8,0
2017-09-30,银豆网,1692.6,12.13%,455,10.86,52,332.47,410182.97,1546.65
2017-09-30,小九金服,1677.58,10.2%,136,1.86,218,33.34,10545.3,1705.4
2017-09-30,联连理财,1673.03,16.94%,767,1.12,9926,8.03,29291.84,1503.64
2017-09-30,城铁在融,1636.27,14.28%,348,1.34,6,60.92,20391.3,0
2017-09-30,元宝365,1632.75,8.03%,579,1.27,197,118.82,58499.03,312.91
2017-09-30,珠宝贷,1600,10.79%,252,5.21,5,719.00,63371.84,1170.19
2017-09-30,新升贷,1553.74,11.92%,111,6.29,196,0.49,80007.88,766.15
2017-09-30,招商贷,1551.21,10.29%,664,4.29,19,509.52,172775.64,340
2017-09-30,福银票号,1520.89,7.05%,43,3.23,20,144.24,134336.35,274.29
2017-09-30,聚有财,1508.83,7.7%,241,7.32,329,1.92,251495.22,-49.85
2017-09-30,金盈所,1503,9.07%,338,5.97,5,295.05,99628.77,-441.85
2017-09-30,零用贷,1306.2,8.08%,887,2.71,283,219.32,60403.85,67.7
2017-09-30,万盈金融,1300,11.77%,202,10.85,13,692.51,121054.09,1116.33
2017-09-30,欢乐合家,1287.05,8.77%,476,6.37,15,1250.06,185315.78,-191.84
2017-09-30,联金所,1286.86,11.72%,384,23.67,254,21.46,57197.23,0
2017-09-30,铜掌柜,1272.16,7.19%,691,1.24,19,98.11,196829.61,42.61
2017-09-30,e融所,1267.19,9.91%,331,4.39,72,164.22,115449.21,887.11
2017-09-30,浙财理财,1257,8.04%,165,0.44,12,543.25,22960.69,-488.73
2017-09-30,九斗鱼,1228.98,9.96%,206,2.46,13,984.51,71106.44,353.56
2017-09-30,利民网,1215.51,10.3%,972,2.60,78,232.97,67516.04,359.85
2017-09-30,合众e贷,1178.19,10.07%,424,0.53,7991,1.34,22039.63,-150.67
2017-09-30,迷你贷,1139.1,10.95%,549,1.49,43,2.09,51958.83,38.45
2017-09-30,米缸金融,1122.65,7.96%,532,11.41,22,145.44,311212.18,0
2017-09-30,宜聚网,1111.89,11.42%,571,4.08,73,142.43,95548.16,498.89
2017-09-30,知商金融,1109.82,8.91%,259,5.44,51,274.88,58175.98,386.33
2017-09-30,日日昌,1100,5.55%,361,1.91,11,86.12,54186.2,843.7
2017-09-30,理想宝,1095.1,10.23%,565,3.37,18,82.46,85963.64,821.07
2017-09-30,汇理财,1054.22,11.57%,292,5.54,2,177.39,146049.44,14.2
2017-09-30,多多理财,1018.64,10.75%,1980,2.51,92,129.09,76396.13,152.7
2017-09-30,钱香,1000,9.7%,331,3.90,10,279.16,46416.43,721.22
2017-09-30,爱米理财,997.69,10.35%,419,4.84,61,108.25,58349.86,0
2017-09-30,中融投,979.5,11.42%,404,5.83,21,253.21,45246.14,491.72
2017-09-30,祺天优贷,976.28,9.94%,548,2.10,21,552.88,66087.46,-80.25
2017-09-30,两只老虎,965.9,10.89%,533,6.57,24,130.76,75746.76,827.91
2017-09-30,资本在线,954.9,13.39%,157,4.08,12,0.28,94560.38,142.74
2017-09-30,诺诺镑客,949.17,11.76%,6810,29.00,733,0.98,641872.99,-242.59
2017-09-30,金投行,948.1,6.42%,219,6.62,34,230.95,223820.02,-586.48
2017-09-30,隆金宝,933.76,7.61%,45,6.08,1,91.48,173964,0
2017-09-30,淘淘金,917.62,8.16%,385,6.24,2,545.46,138173.33,-159.6
2017-09-30,友金所,897.7,9%,8324,34.70,53,0.32,637328.56,581.14
2017-09-30,图腾贷,894.41,12.75%,1250,4.04,121,96.83,101788.1,219.83
2017-09-30,大同行,894,13%,341,2.92,8,100.57,43197.16,256.82
2017-09-30,分利宝,881.75,8.15%,1014,1.27,5552,0.12,63003.34,-510.05
2017-09-30,一起好,860.13,12.46%,827,6.80,4973,2.17,161491.54,-161.32
2017-09-30,丁丁金服,830.26,12.28%,610,5.72,97,99.15,38839.06,328.94
2017-09-30,合拍在线,830,10.84%,114,6.56,3,1358.31,133602.02,835.48
2017-09-30,富勤金融,821.42,11.8%,176,19.69,79,0.00,42284.03,788.03
2017-09-30,慧融财富,802,8.45%,251,2.36,19,354.43,10048.53,-995.49
2017-09-30,钱保姆,794.02,9.63%,440,1.68,8,430.98,57222.49,-162.05
2017-09-30,抱财网,794,9.7%,272,11.48,15,342.79,182239.79,385.67
2017-09-30,粤商贷,772.46,11.49%,281,4.44,25,87.05,30875.68,227.83
2017-09-30,安心贷,768.78,9.08%,257,9.35,132,252.22,118908.98,152.4
2017-09-30,中广核富盈,752,8.09%,83,12.22,1,116.47,55418.59,129.57
2017-09-30,乐居财富,710,14.44%,522,5.69,7,22.34,99318.65,169.08
2017-09-30,链链金融,705.3,6%,349,10.37,201,1.71,40711.29,385.63
2017-09-30,金银猫,704.51,6.62%,519,1.97,31,212.15,127175.84,-200.92
2017-09-30,诚汇通,693,13.87%,407,12.58,31,410.81,97686.04,290.02
2017-09-30,融贝网,681.69,8.73%,739,4.59,29,508.77,92418.97,-478.16
2017-09-30,诚信贷,679.29,12.09%,156,3.22,4,270.39,39537.58,-50.62
2017-09-30,壹心贷,666.6,9%,95,1.03,8,0,16423.67,492.23
2017-09-30,百金贷,661.89,10.03%,254,3.88,43,170.15,38291.82,-343.6
2017-09-30,花虾金融,656.66,10.3%,636,30.15,750,0.00,66629.52,0
2017-09-30,168理财,653.65,10.94%,432,10.94,64,112.59,57335.02,0
2017-09-30,钱来网,647,11.16%,43,6.69,9,45.04,113043.54,438.9
2017-09-30,信用宝,646.76,12%,0,0.48,3,1696.51,73849.14,133.35
2017-09-30,信广立诚贷,628.63,11.17%,248,7.86,4,454.33,62471.12,0
2017-09-30,首金网,615.18,8.65%,240,7.98,1169,4.67,166159.72,-669.01
2017-09-30,钱吧,602.21,10.26%,375,9.45,94,136.87,83287.51,-245.39
2017-09-30,爱投金融,602.2,8.81%,192,5.83,33,106.80,34887.99,0
2017-09-30,银巴克,600,10.27%,82,2.33,6,442.43,14265.02,388.52
2017-09-30,后河财富,597.04,12.16%,178,14.29,89,157.58,66059.67,331.62
2017-09-30,易港金融,595.86,10.54%,335,4.21,75,21.49,38467.05,393.48
2017-09-30,融金宝,595.66,12.23%,464,6.51,58,92.11,51666.95,429.88
2017-09-30,投复利,575.07,14.5%,681,15.80,127,12.34,43785.6,174.18
2017-09-30,金开贷,568.5,7.97%,182,11.64,10,1.18,67362.12,20.73
2017-09-30,麦麦提,558.76,10.69%,198,2.87,337,9.21,23710.64,465.27
2017-09-30,达人贷,558.14,13.54%,2249,20.03,891,16.37,31612.87,350.4
2017-09-30,爱理财,545.55,8.65%,170,5.21,10,416.39,15879.53,0
2017-09-30,新富金融,530,7.1%,51,2.62,4,179.71,8611.43,266.15
2017-09-30,天天财富,529,7.87%,4,2.79,8,109.75,4834.88,538.82
2017-09-30,石投金融,528.45,7.85%,316,4.27,50,250.89,79813.95,308.16
2017-09-30,玺鉴,524.22,9.49%,50,3.83,12,197.05,11677.24,476.78
2017-09-30,华人金融,507.71,9.16%,192,6.79,4,640.85,176479.94,-1730.58
2017-09-30,金桥梁,500.5,13.08%,434,4.52,39,114.71,38403.39,150.78
2017-09-30,钱途在线,500,10%,0,1.00,1,0,2449.21,499.02
2017-09-30,温州贷,500,8.7%,110,2.19,3,1098.53,33424.49,106.92
2017-09-30,禧龙来,481.3,10.6%,23,1.00,20,0.31,13620.7,-39.04
2017-09-30,果树财富,474.33,12.27%,535,9.90,74,250.48,37450.13,131.07
2017-09-30,爱本地,467.3,13.93%,123,0.25,266,0.85,609.87,233.04
2017-09-30,融租E投,465.3,8.54%,105,6.09,20,1239.96,50244.98,160.89
2017-09-30,花果金融,460,11.74%,118,12.91,22,273.74,54250.18,-250.1
2017-09-30,阿朋贷,457.67,9.23%,162,6.60,98,78.25,21666.07,216.61
2017-09-30,德众金融,454.96,7.67%,59,10.62,6,360.48,87018.25,352.25
2017-09-30,乐享宝,449.7,11.78%,276,12.58,263,0.01,48953.1,49.59
2017-09-30,玖融网,440.05,11.05%,201,6.89,46,0,153465.27,50.06
2017-09-30,互贷网,432.2,9.5%,131,3.96,5,397.79,60075.63,271.03
2017-09-30,旺财谷,431.72,6.79%,39,1.85,2,305.66,44633.37,-441.36
2017-09-30,\u6295呗,420,10.17%,59,8.57,1,637.91,31007.25,84.23
2017-09-30,智融会,413.34,11.05%,296,1.53,7,1314.15,12429.59,304.89
2017-09-30,三信贷,403.05,14.29%,202,4.95,37,8.62,47877.29,0
2017-09-30,中融宝,400,8.4%,141,6.00,4,3.45,45398,312
2017-09-30,聚金资本,395.69,13.2%,254,3.88,9,451.53,18312.58,152.98
2017-09-30,长运网,384,15.72%,164,3.26,26,213.30,8725.25,149.75
2017-09-30,汇诚金服,383.49,9.08%,123,1.15,38,217.68,14010.78,0
2017-09-30,华赢贷,380.38,11.88%,112,3.27,6,210.30,20307.8,0
2017-09-30,领投鸟,376.23,10.78%,0,2.78,13,376.91,28672.06,142.54
2017-09-30,农泰金融,363,8.21%,150,6.70,8,60.68,54522.62,-107.71
2017-09-30,普惠理财,358,8.41%,107,3.66,1,906.28,26907.59,53.33
2017-09-30,金筑财富,355.83,8.13%,66,1.79,3,648.26,22449.57,223.19
2017-09-30,果儿金融,350.98,9.91%,122,1.63,17,19.00,13595.25,174.38
2017-09-30,前海惠农,350,9.43%,87,5.43,8,1399.58,29687.2,132.19
2017-09-30,财小主,347,10.83%,75,4.09,31,103.48,7709.94,258.4
2017-09-30,小猪罐子,337,10.64%,202,6.43,17,403.99,30650.56,109.2
2017-09-30,银狐财富,335.8,9.2%,0,4.64,7,50.39,24499.11,47.05
2017-09-30,爱鸿森,335,6.78%,24,0.89,15,131.51,6413.07,336.68
2017-09-30,易金智慧,326.65,7.9%,125,3.48,10,15.80,14388.81,0
2017-09-30,龙贷,320.64,9.6%,185,4.08,4,207.63,29255.25,0
2017-09-30,沪商财富,319.2,14.13%,255,8.87,19,96.80,38028.01,155.06
2017-09-30,掌中财富,311.7,12.04%,107,8.09,43,3.65,27107.02,137.85
2017-09-30,新富创投,307,10.25%,187,6.52,40,214.17,9439.34,231.26
2017-09-30,易享贷,305,8.23%,43,1.61,8,802.64,4557.49,307.94
2017-09-30,善林宝,303.4,7.41%,155,4.90,781,27.76,15079.59,0
2017-09-30,善林财富,303.21,7.73%,430,5.78,2000,2.13,174463.5,-368.19
2017-09-30,固金所,300.3,10.91%,105,5.04,3,3790.37,17230.01,0
2017-09-30,普汇云通,300,13.3%,63,6.67,3,3643.31,40568.47,157.48
2017-09-30,工艺通,300,9%,28,7.00,3,627.67,101698.51,-680.76
2017-09-30,沃时贷,299.9,12.44%,302,5.53,30,130.57,54034.55,-47.46
2017-09-30,绿化贷,297.88,9.8%,307,5.37,5,284.50,51436.67,113.97
2017-09-30,金融社,293.81,10.22%,37,6.95,18,280.39,15294.94,62.8
2017-09-30,金瑞龙,290.19,9.09%,233,10.52,36,193.28,42325.67,56.1
2017-09-30,恒信易贷,281.22,11.92%,215,6.63,47,580.92,64756.96,-405.53
2017-09-30,恩科e贷,280,8.11%,52,6.04,14,425.27,17527.94,279.28
2017-09-30,道口金融网,278.93,11.17%,89,3.18,43,146.47,14842.38,93.08
2017-09-30,禾泰财富,277.28,11.4%,17,2.59,5,265.02,9081.68,0
2017-09-30,嘉石榴,276.18,8.33%,136,6.02,40,41.99,87146.07,0
2017-09-30,民民贷,273.9,13.87%,169,5.52,20,12.81,13802.93,61.95
2017-09-30,小鸡理财,268.12,9.17%,276,1.82,7,3567.49,33717.61,0
2017-09-30,汇贷天下,267,13.59%,48,4.88,3,453.20,11462.94,178.8
2017-09-30,网投网,263.63,12.14%,159,3.58,48,86.86,19023.33,153.97
2017-09-30,58车贷,261.8,11.2%,183,2.16,17,297.57,19354.94,69.75
2017-09-30,今金贷,260,14.3%,19,7.50,4,2015.86,29654.79,-90.04
2017-09-30,雪山贷,250,10.4%,130,6.80,3,1365.54,59799.91,-50.39
2017-09-30,欧亚金融,250,10.6%,55,2.60,3,7.00,9648.89,103.5
2017-09-30,民投金服,248.03,7.91%,186,5.44,84,8.58,8006.28,-81.28
2017-09-30,融资易,247,11.02%,91,3.27,4,395.16,12275.95,101.65
2017-09-30,杉易贷,245.99,9.38%,0,9.28,53,0,36153.29,87.05
2017-09-30,小赢理财,245.81,6.77%,0,6.22,357,0,1810259.44,-9981.2
2017-09-30,豫商贷,235.9,14.42%,153,5.73,7,189.11,26579.52,104.78
2017-09-30,立业贷,233.33,12.83%,102,13.94,27,626.07,35988.89,59.5
2017-09-30,念钱安,232.04,8.93%,138,2.51,13,553.51,28716.65,0
2017-09-30,鱼猫金服,230.6,9.96%,195,2.01,4,975.57,5884.53,137.28
2017-09-30,国泰惠民益贷,230.58,8.21%,198,1.52,4,390.80,32926.76,122.91
2017-09-30,蜂缘财富,230,10.65%,15,4.63,5,498.33,4777.29,230.13
2017-09-30,步步盈,230,8.93%,149,7.52,1,111.95,15919.3,178.05
2017-09-30,微镇,229.31,13.6%,118,5.98,15,455.11,10196.65,128.13
2017-09-30,迅泊达,227,12.16%,48,4.24,8,730.43,6362.05,21.38
2017-09-30,多宝贷,226.86,9.64%,279,6.97,54,183.21,13726.95,86.07
2017-09-30,亲亲小贷,225.56,12.81%,145,3.71,1016,0.66,12453.46,0
2017-09-30,奇乐融,224.27,7.22%,70,8.01,30,130.20,15589.67,195.09
2017-09-30,升值空间,221.05,10.99%,71,3.93,9,824.16,14244.15,0
2017-09-30,赢贷通,220,5%,36,0.85,11,1.45,7975.63,216.94
2017-09-30,广富宝,215.94,13.82%,144,4.18,41,116.32,14070.47,-44.26
2017-09-30,私房钱,213,13.23%,41,7.32,4,0,0,0
2017-09-30,前金融,210.37,11.93%,152,3.41,13,180.26,1632.75,217.85
2017-09-30,58财福,206.88,7.47%,51,2.18,3,14.90,7807.06,0
2017-09-30,互融宝,204.69,9.07%,106,1.83,3,14.37,96514.83,-1138.32
2017-09-30,小微时贷,204.52,12.87%,184,5.46,25,358.31,48052.58,7.9
2017-09-30,财富智汇,204,15.54%,0,2.08,4,0,11486.52,55.56
2017-09-30,百泉贷,200,13%,67,12.00,2,755.11,20708.83,120.58
2017-09-30,天府财富,200,6.65%,42,8.50,1,1297.14,38166.76,33.89
2017-09-30,58红利,200,8.47%,38,7.68,7,612.86,12555.47,16.94
2017-09-30,鄂汇金融,198.8,11.67%,109,4.64,7,151.22,16843.27,109.82
2017-09-30,珠宝平安贷,195,9.18%,6,2.18,4,435.69,4628.19,177.05
2017-09-30,米利财富,195,24%,31,16.31,5,904.02,34288.12,192.16
2017-09-30,前金所,194.03,12.11%,12,10.03,1,706.84,9028.8,131.36
2017-09-30,e微贷,190.84,10.64%,108,6.81,18,480.79,21759.67,110.33
2017-09-30,共赢金融,188,10.22%,29,8.45,4,900.08,12014.93,44.18
2017-09-30,汇投网,182.43,10.1%,39,4.82,112,26.92,5045.1,0
2017-09-30,东方车贷,179.45,12.83%,77,5.04,26,272.09,7891.17,120.57
2017-09-30,闲钱宝,179.4,9.11%,0,1.42,4,0,7613.62,83.53
2017-09-30,真鑫贷,178.4,12.17%,67,1.73,17,498.53,863.71,65.05
2017-09-30,车财网,177.4,15.43%,107,1.97,9,165.39,7572.69,103.17
2017-09-30,车e融,171,11%,7,1.00,7,1104.60,3899.89,82.65
2017-09-30,惠投无忧,171,9.58%,75,4.70,6,269.35,10595.4,128.47
2017-09-30,钱道网,170.17,12.9%,43,6.06,3,0.02,12971.61,0
2017-09-30,邦帮堂,167.3,7.56%,20,2.16,13,985.10,96526.13,-13.61
2017-09-30,好好理财,165,11.82%,98,7.55,4,50.83,61159.21,16.12
2017-09-30,钱盒子金融,164.66,11.53%,108,4.82,6,439.92,24191.52,0
2017-09-30,森昊好时贷,164.41,10.2%,19,12.12,37,89.66,65389.45,0
2017-09-30,量子金融,164.16,13.73%,92,5.30,39,16.85,8873.55,33.92
2017-09-30,喔喔贷,162.5,10.04%,39,6.68,10,522.20,17313.25,147.59
2017-09-30,鲁金所,161.7,9.33%,116,5.08,12,80.53,4476.36,30.59
2017-09-30,改革牛,160.32,10.73%,16,6.06,2,1191.33,6886.87,0
2017-09-30,一点钱  ,160.01,9%,36,0.93,3,480.00,20898.29,-1221.62
2017-09-30,潮人贷,160,12.6%,57,3.00,6,205.54,4707.58,-27.46
2017-09-30,e葱金融,160,8.38%,41,1.00,8,402.78,2950.99,46.46
2017-09-30,财神在线,160,8.06%,20,1.75,3,0.00,5305.48,26.33
2017-09-30,信和贷,159.43,14.72%,76,10.51,9,14.17,20223.85,71.49
2017-09-30,悦享金服,156.15,10%,59,2.47,5,304.22,3832.3,92.94
2017-09-30,金源贷,152,19.08%,41,2.50,12,5.55,9385.68,26.44
2017-09-30,利聚网,150.7,14.75%,152,1.72,6,74.24,9536.91,0.86
2017-09-30,利得行,150.51,10.1%,0,4.91,10,146.92,8181.29,107.24
2017-09-30,万贝贷,150,11%,25,6.00,1,0,686.54,-131.3
2017-09-30,银强金融,149.5,10.37%,20,1.37,4,2074.00,980.35,133.16
2017-09-30,万家贷,149,11.98%,94,2.30,3,289.28,12563.53,-185.91
2017-09-30,e兴金融,145.85,9.64%,59,10.32,7,190.55,31104.84,0
2017-09-30,助商贷,144.41,13.71%,0,3.01,1,0,12356.95,80.91
2017-09-30,看看钱包,143.7,8.55%,29,2.67,1,168.14,5613.04,74.45
2017-09-30,前海领投,142,11%,4,24.00,9,83.19,3628.66,152.59
2017-09-30,易e贷,140,10.54%,12,5.57,7,205.08,5213.35,136.29
2017-09-30,稳贷网,139.8,18.86%,54,17.95,11,16.51,27818.19,-70.77
2017-09-30,金元宝理财,139.66,12.12%,94,10.46,14,5.16,57642.41,46.21
2017-09-30,天玑汇富,139.61,12.89%,79,4.92,8,839.80,17803.43,-14.61
2017-09-30,洋葱先生,139.02,13.98%,1791,9.24,153,0.26,38589.23,20.68
2017-09-30,金牌理财,137.8,13.81%,52,2.01,11,276.12,6864.66,22.3
2017-09-30,星月创投,137.74,15.91%,31,16.54,4,73.80,23769,0
2017-09-30,广群金融,136.31,8.88%,48,0.59,1252,4.76,2514.3,-21.61
2017-09-30,中潮金服,136.27,15.57%,64,2.18,12,483.87,19412.92,-0.28
2017-09-30,丰投网,135.4,9.08%,46,2.09,1,78.01,5938.04,-36.51
2017-09-30,投这家,135.12,13.34%,94,2.89,28,29.13,6009.96,-4.76
2017-09-30,瑞银创投,130,12.31%,49,2.00,2,583.42,11655.4,-2.29
2017-09-30,鼎信贷,121.1,11.37%,67,6.12,8,109.67,12787.09,11.69
2017-09-30,浙昌贷,120.24,11.62%,16,1.53,2,654.99,7688.16,0
2017-09-30,糖果金融,120,8.45%,58,2.05,11,674.81,13842.52,39.09
2017-09-30,普道财富,120,8.03%,50,11.13,7,1329.69,12492.25,53.81
2017-09-30,360金融,120,15%,45,3.00,1,0.24,9855.48,55.02
2017-09-30,快快贷,120,9.28%,134,2.00,3,1409.89,15726.22,-324.03
2017-09-30,贷金所,115.5,7.67%,54,4.68,3,915.82,17876.9,50.08
2017-09-30,赢众投,115,9.89%,9,3.06,3,444.75,13037.87,46.88
2017-09-30,椰子理财,110.22,7.98%,31,1.85,2,1856.24,21661.44,0
2017-09-30,前沿财富,108,19.04%,77,9.04,28,1.11,10115.7,121.86
2017-09-30,钱满仓,106,10.29%,13,4.39,60,1680.41,8335.16,45.67
2017-09-30,微邦金融,103.7,12.14%,9,3.61,7,438.19,4652.73,17.57
2017-09-30,惠金贷,103.5,13.31%,16,5.47,10,255.85,11213.12,12.27
2017-09-30,为为贷,102.6,11.15%,11,1.08,1,195.30,4340.3,91.55
2017-09-30,建工E贷,100,10.8%,18,1.00,5,318.00,1234.01,36.32
2017-09-30,来融金服,100,8.4%,16,3.00,1,180.16,12562.38,102.1
2017-09-30,财富500,100,9%,10,3.00,1,3679.80,4109.17,102.25
2017-09-30,徽金猫,100,12%,13,4.80,10,0.00,4385.05,24.32
2017-09-30,物金所,100,10.07%,14,2.17,4,521.75,11908.05,60.25
2017-09-30,51帮你,99,12.36%,49,1.58,4,276.14,5037.66,-2.22
2017-09-30,泛湾天域,98,13.9%,22,4.80,3,583.00,4584.66,77.62
2017-09-30,就爱金融,97.93,8.04%,11,1.24,2,599.52,4454.73,41.67
2017-09-30,中兴财富,95.6,16.31%,108,7.82,14,238.64,23549.98,-44.97
2017-09-30,笨小孩理财,93,9.6%,45,2.94,6,34.02,5541.92,64.08
2017-09-30,众房宝,90,9.91%,68,1.52,5,792.00,4587.52,15.43
2017-09-30,易贷在线,90,17.61%,27,1.04,7,6.57,2790.66,55.03
2017-09-30,分钱网,88,12%,5,3.00,1,0.00,10122.97,15.17
2017-09-30,联投金融,87.4,13.15%,77,4.22,8,231.80,6580.74,52.47
2017-09-30,云回通宝,87,15.9%,6,1.34,1,0.43,6319.87,-89.78
2017-09-30,秒贷金融,85,7.71%,3,2.15,2,0.00,8900.51,-101.81
2017-09-30,千企贷,84,10%,8,1.00,1,42.33,515.13,84.7
2017-09-30,小平贷,83.42,11.97%,19,7.77,272,329.52,3968.13,30.7
2017-09-30,方元金服,83,7.67%,63,7.66,3,87.00,12237.74,74.79
2017-09-30,钱诚理财,80,11.55%,7,4.88,2,0.50,998.07,83.81
2017-09-30,泰山金融,80,8.88%,9,8.25,2,2746.23,10774.12,2.62
2017-09-30,便民投,77.85,7.5%,13,0.50,1,131.17,1541.94,57.94
2017-09-30,世纪金服,75,13.76%,22,5.28,1,45.75,18804.06,-27.83
2017-09-30,信融投资,74.46,10.2%,83,0.97,6,442.20,5144.77,0
2017-09-30,车富88,73.83,10.07%,42,4.50,9,16.64,4784.6,-17.82
2017-09-30,长久贷,73,13.32%,57,1.89,3,957.47,12191.55,-21
2017-09-30,房易贷,71,12.58%,49,9.46,3,98.00,13533.87,23.46
2017-09-30,今日捷财,70.68,8.69%,0,5.06,2,0,36103.68,-10.53
2017-09-30,优车融,70.5,13%,10,1.00,8,453.63,2720.46,-8.29
2017-09-30,亿亿理财,70,9.6%,18,6.00,1,0.00,3828.05,53.08
2017-09-30,益合贷,69.8,12%,17,1.87,10,33.84,2436.55,17.83
2017-09-30,堆金网,69.5,12.38%,15,5.68,5,2890.46,8802.33,11.41
2017-09-30,搜搜金融网,67.2,11.4%,17,2.13,7,29.24,2084.38,25.7
2017-09-30,隆泰贷,66,10.95%,18,2.62,6,78.45,3659.51,-36.71
2017-09-30,锐盈财富,65,10.54%,31,3.69,3,2.55,3788.36,66.08
2017-09-30,脐橙金融,64.4,9.99%,44,3.79,8,834.30,9881.82,-47.66
2017-09-30,冀金宝,60,11.33%,17,4.00,1,7.33,5778.83,-2.08
2017-09-30,合力贷,60,9.83%,13,2.67,2,2821.49,23846.02,-64.79
2017-09-30,寻贷网,58,9.88%,15,1.21,2,25.36,6072.54,41.06
2017-09-30,国民丰泰,56,11.79%,35,2.46,5,842.36,3259.85,16.24
2017-09-30,律信智投,55.6,13.72%,20,1.72,3,0.67,2041.09,5.2
2017-09-30,找银子,53.5,8.53%,15,2.16,6,658.68,1502.57,47.32
2017-09-30,大时贷,52,14.62%,7,7.27,3,780.42,11315.51,-31.06
2017-09-30,私房投,50,13.92%,18,2.60,5,120.03,517.37,23.44
2017-09-30,易BANK,50,10%,9,3.97,1,1722.27,5341.89,-1
2017-09-30,短融网,49.17,12%,99,0.17,3,1376.59,43217.02,-318.66
2017-09-30,跃龙财富,48,15%,16,1.13,6,1.15,1336.33,7.15
2017-09-30,微易贷,46.66,17.49%,58,9.55,55,29.26,8050.29,13.84
2017-09-30,无忧车贷,46.3,11.58%,10,3.14,4,406.87,3601.53,-1.03
2017-09-30,惠车贷,44.1,15%,38,1.31,5,48.61,1531.52,-0.74
2017-09-30,利好贷,44,12.94%,0,5.57,3,67.37,8063.15,7.79
2017-09-30,汉沃财富,44,13.82%,6,7.32,4,2734.00,4062.08,47.16
2017-09-30,点点财富,44,14.4%,7,4.68,5,0.68,5427.34,4.57
2017-09-30,融信网,40,10.71%,0,4.75,2,0,13464.59,11.47
2017-09-30,三益宝,40,13.5%,20,12.00,2,26.41,44337.89,42.53
2017-09-30,恒利网,39.7,10%,48,1.33,7,339.12,3048.34,-85.76
2017-09-30,微E贷,37.5,8.73%,13,2.47,2,2880.00,5094.38,-4.77
2017-09-30,金票通,36.72,6.32%,20,2.71,1,418.48,745598.6,0
2017-09-30,众联财富,36,12.5%,21,1.00,1,0.45,1003.73,-0.66
2017-09-30,车能贷,35.31,9.48%,60,1.00,6,36.95,3371.73,-115.39
2017-09-30,车赚,35.29,15.04%,38,0.99,7,53.96,1335.99,-16.83
2017-09-30,阜阳金融网,35,17.86%,35,3.14,1,1009.29,4327.63,-9.58
2017-09-30,蜀丰财富,35,10%,21,1.00,7,0.23,1803.34,25.21
2017-09-30,中融通贷,34,11.82%,13,3.03,4,236.53,5680.01,-2.2
2017-09-30,聚宝珠,33.2,9.24%,6,2.04,7,802.97,1022.75,18.53
2017-09-30,日融财富,32,11.36%,18,6.52,5,111.81,2095.72,-29.7
2017-09-30,前海广深发,30.3,13.03%,35,6.65,1,1581.92,7091.38,-39.8
2017-09-30,YES金融,30,9%,2,3.00,1,14.22,2534.7,-10.23
2017-09-30,合众金服,30,7.9%,0,3.67,2,4446.79,81537.21,-87.97
2017-09-30,百财车贷,29.5,9.18%,30,2.85,4,0.49,3255.19,17.89
2017-09-30,京金所,27.32,9.5%,9,7.53,2,501.25,14383.27,-128.76
2017-09-30,金福财富,26.5,16.61%,30,8.19,3,324.72,6359.31,8.08
2017-09-30,创融在线,26.49,21.64%,13,5.15,1,0.00,2057.54,27.86
2017-09-30,甬e贷,26,10.15%,13,1.46,3,908.68,2453.01,-165.72
2017-09-30,如意财富,24.5,13.2%,14,3.00,2,597.00,908.54,18.72
2017-09-30,介贷,24.01,13.66%,17,10.16,21,0.98,23831.31,-31.01
2017-09-30,宝点网,24,11.95%,126,9.92,6,1049.15,21916,-169.26
2017-09-30,皖都金融,24,10.33%,15,1.80,3,14.95,1950.9,-38.63
2017-09-30,惠富天下,23.5,11.22%,14,4.53,5,0,0,-0.06
2017-09-30,爱上贷,21,15.07%,26,1.00,7,0.31,956.18,-0.01
2017-09-30,联保投资网,20.6,15.6%,4,1.33,5,4.25,186.82,20.96
2017-09-30,蜂投网,20,15%,11,1.50,1,1080.26,3421.2,-15.71
2017-09-30,温易贷,20,13.8%,12,1.00,1,336.23,627.13,0
2017-09-30,艺点理财,20,12%,7,3.00,1,0,4328.66,-60.4
2017-09-30,你好贷,20,8.5%,12,3.00,1,140.41,3899.84,-0.53
2017-09-30,融易投,20,10.5%,31,3.00,2,132.06,986.48,-0.95
2017-09-30,汇财贷,20,12%,2,3.00,1,1156.09,2994.01,17.18
2017-09-30,赶贷网,17.34,13%,11,3.63,5,540.26,2743.6,4.62
2017-09-30,云钱袋,17,10.5%,1,12.00,1,0.00,27544.33,-155.37
2017-09-30,惠农时贷,15.68,9.62%,17,11.23,5,881.20,821.95,12.5
2017-09-30,产融贷,15,14%,5,3.00,1,2.92,537.53,-1.67
2017-09-30,钱内助,12.08,8%,366,1.00,1,23.49,9169.5,-110.13
2017-09-30,豆蔓智投,10,7%,3,1.00,1,1433.49,22305.28,-930.82
2017-09-30,飞特金融,10,12.1%,1,1.00,1,0.00,1712.38,-187.41
2017-09-30,钱富通,10,18.5%,9,12.00,1,2830.43,4124.95,-20.06
2017-09-30,熊猫贷,10,16.2%,6,1.00,2,392.00,539.18,4.05
2017-09-30,医购贷,10,10%,11,6.00,1,0.00,36442.35,-110.97
2017-09-30,众金在线,10,11%,99,2.00,1,0,17723.33,-30.85
2017-09-30,沃联财富,9.65,13.2%,9,6.00,1,91.00,605.56,10.07
2017-09-30,首信创投,9.5,12.58%,25,1.84,3,49.18,1329.14,1.56
2017-09-30,金柜贷,9,9.6%,6,12.00,2,98.50,1530.57,9.6
2017-09-30,1号钱庄,7,9.5%,3,0.03,1,837.21,-220.25,-8
2017-09-30,捷创贷,7,13%,10,1.00,1,1003.50,570.54,-8.2
2017-09-30,千金e诺,6.8,8%,0,3.00,1,115.15,1246.67,6.91
2017-09-30,金控网贷,6.27,8%,13,3.00,1,2.85,13207.73,6.21
2017-09-30,创绩宝,6,8.4%,8,1.00,1,0.00,1797.13,2.37
2017-09-30,天恩世诚,6,10%,25,3.00,2,0.10,3226.77,1.18
2017-09-30,玖富普惠,5.88,10.24%,9,11.47,19,36.75,98.5,6.2
2017-09-30,聚融在线,5.2,8.6%,6,3.00,1,1497.48,538.53,-2.55
2017-09-30,速贷100,5,15%,2,6.00,1,0,386.84,-299.03
2017-09-30,瑞涛财富,5,14.4%,2,1.00,1,36.59,464.2,-5.06
2017-09-30,小白菜理财,3.2,11%,5,2.00,1,1753.00,455.75,-18.04
2017-09-30,众可贷,3.01,13.36%,7,14.89,1,17.02,1350.7,1.74
2017-09-30,益投网贷,3,18.3%,0,0.10,1,304.41,1883.83,3
2017-09-30,钱来也,3,12%,4,1.00,1,0.00,1019.09,2.56
2017-09-30,178网贷,3,15%,6,3.00,1,7.20,261.02,0.03
2017-09-30,金宝保,0,0%,0,0.00,0,0.00,151733.24,0
2017-09-30,陆金服,0,0%,0,0.00,0,0.00,15776616,0
2017-09-30,钱贷网,0,0%,0,0.00,0,0.00,18399.07,0
2017-09-30,信和大金融,0,0%,0,0.00,0,0.00,627225.08,0
2017-09-30,长吉贷,0,0%,0,0.00,0,0.00,9813.4,0
2017-09-30,国诚金融,0,0%,0,0,0,0,405.44,-1.39
2017-09-30,逍遥贷,0,0%,0,0,0,0,0,0
2017-09-30,猴子理财,0,0%,0,0,0,0,0,0
2017-09-30,聚投融,0,0%,0,0,0,0,0,0
2017-09-30,码头益,0,0%,0,0,0,0,1112.12,-6.16
2017-09-30,广州e贷,0,0%,0,0,0,0,31928.41,-214.12
2017-09-30,中再融,0,0%,0,0,0,0,7826.3,-100.91
2017-09-30,意投财富,0,0%,0,0,0,0,0,0
2017-09-30,大麦理财,0,0%,0,0,0,0,41552.5,-5
2017-09-30,投融贷,0,0%,0,0,0,0,0,0
2017-09-30,顺顺贷,0,0%,21,0,0,0,1055.56,0
2017-09-30,金联储,0,0%,0,0,0,0,66751.53,-634.8
2017-09-30,金财动力,0,0%,0,0,0,0,4386.25,-44.27
2017-09-30,合拍贷,0,0%,0,0,0,0,4279.6,-20.63
2017-09-30,草根新贷,0,0%,0,0,0,0,43.55,-4.81
2017-09-30,贷乐网,0,0%,0,0,0,0,0,0
2017-09-30,点银网,0,0%,0,0,0,0,0,0
2017-09-30,e速贷,0,0%,0,0,0,0,22.63,-0.86
2017-09-30,OK贷 ,0,0%,0,0,0,0,4768.92,-0.6
2017-09-30,京贷网,0,0%,0,0,0,0,-88.27,0
2017-09-30,合盘贷,0,0%,0,0,0,0,21953.76,-118.78
2017-09-30,海星宝理财,0,0%,0,0,0,0,4206.83,-11.89
2017-09-30,吉贷网,0,0%,0,0,0,0,0,0
2017-09-30,宁创贷,0,0%,0,0,0,0,0,0
2017-09-30,小油菜,0,0%,0,0,0,0,0,0
2017-09-30,创乐财富,0,0%,0,0,0,0,3413.54,-61.64
2017-09-30,雍和金融,0,0%,0,0,0,0,0,0
2017-09-30,微金在线,0,0%,0,0,0,0,1764.47,0
2017-09-30,贴身贷,0,0%,0,0,0,0,614.73,0
2017-09-30,久信e贷,0,0%,0,0,0,0,108.55,-3.76
2017-09-30,金融工场,0,0%,0,0,0,0,61142.08,-927.44
2017-09-30,金益金服,0,0%,22,0,0,0,-25949.24,0
2017-09-30,爱康金服,0,0%,39,0,0,0,23112.74,-1105.44
2017-09-30,普天金安,0,0%,0,0,0,0,-7576.8,-664.3
2017-09-30,万家兄弟,0,0%,0,0,0,0,0,0
2017-09-30,雪莲借贷,0,0%,0,0,0,0,4247.77,-42.1
2017-09-30,企额贷,0,0%,0,0,0,0,6474.78,-85.12
2017-09-30,汇付四海,0,0%,0,0,0,0,201.58,0
2017-09-30,点融网,0,0%,92,0,0,0,70869.4,-113.22
2017-09-30,安捷财富,0,0%,0,0,0,0,162043.06,-276.36
2017-09-30,苏丰创投,0,0%,0,0,0,0,0,0
2017-09-30,医界贷,0,0%,0,0,0,0,39131.9,-62.06
2017-09-30,好房理财网,0,0%,0,0,0,0,1182.68,0
2017-09-30,付融宝,0,0%,0,0,0,0,193137.11,-586
2017-09-30,狮子座金融,0,0%,0,0,0,0,21970.27,-80.27
2017-09-30,微品金融,0,0%,0,0,0,0,11920.33,-1.7
2017-09-30,优聚投,0,0%,0,0,0,0,1318.01,-5.25
2017-09-30,易互贷,0,0%,0,0,0,0,0,0
2017-09-30,花生米富,0,0%,0,0,0,0,0,0
2017-09-30,九信金融,0,0%,0,0,0,0,1253.76,-41.6
2017-09-30,合米金服,0,0%,0,0,0,0,4685.53,-113.81
2017-09-30,钱增增,0,0%,0,0,0,0,0,-116.89
2017-09-30,橙旗贷,0,0%,0,0,0,0,12917.56,-322.35
2017-09-30,小鹅e贷,0,0%,2,0,0,0,-0.4,0
2017-09-30,力帆善融,0,0%,0,0,0,0,1699.93,-163.68
2017-09-30,淘收益,0,0%,11,0,0,0,12380.12,0
2017-09-30,融金桥,0,0%,0,0,0,0,4093.28,-41.52
2017-09-30,喜投网,0,0%,0,0,0,0,0,0
2017-09-30,长汇财富,0,0%,0,0,0,0,0,0
2017-09-30,聚车金融,0,0%,0,0,0,0,21403.2,-671.9
2017-09-30,兆金所,0,0%,0,0,0,0,3078.54,-24.07
2017-09-30,口袋理财,0,0%,8881,0,0,0,193758.98,-1739.16
2017-09-30,金E柴神,0,0%,0,0,0,0,0,0
2017-09-30,票票喵,0,0%,0,0,0,0,1579.59,-100.06
2017-09-30,白银巷子,0,0%,0,0,0,0,549.68,-1.95
2017-09-30,锦绣钱程,0,0%,0,0,0,0,10986.49,-1.84
2017-09-30,众贷汇,0,0%,0,0,0,0,86.13,0
2017-09-30,派派猪理财,0,0%,0,0,0,0,5975.31,-217.01
2017-09-30,富金利,0,0%,0,0,0,0,3495.68,0
2017-09-30,壹佰金融,0,0%,0,0,0,0,70160.09,-267.52
2017-09-30,收获宝,0,0%,8,0,0,0,3583.36,-1.26
2017-09-30,财富N次方,0,0%,0,0,0,0,0,0
2017-09-30,协众金融,0,0%,14,0,0,0,-1279.75,0
2017-09-30,69贷,0,0%,0,0,0,0,0,0
2017-09-30,青岛汇泉贷,0,0%,0,0,0,0,40899.63,-1.16
2017-09-30,众信金融,0,0%,0,0,0,0,283764.31,-777.09
2017-09-30,艺融网,0,0%,0,0,0,0,626.88,-1.75
2017-09-30,投促金融,0,0%,0,0,0,0,14516.95,-2.25
2017-09-30,民信贷   ,0,0%,0,0,0,0,7058.62,-67.78
2017-09-30,新华久久贷,0,0%,14,0,0,0,19330.58,-5.1
2017-09-30,多多智富,0,0%,0,0,0,0,0,0
2017-09-30,鑫华士,0,0%,0,0,0,0,0,0
2017-09-30,中恒宝,0,0%,0,0,0,0,12594.25,0
2017-09-30,信融财富,0,0%,0,0,0,0,233163.61,-153.03
2017-09-30,存利网,0,0%,0,0,0,0,29000.41,-136.15
2017-09-30,蛙蛙在线,0,0%,0,0,0,0,3051.91,-42.8
2017-09-30,亿钱贷,0,0%,0,0,0,0,1230.78,-20.2
2017-09-30,上雨创投,0,0%,0,0,0,0,162.89,0
2017-09-30,宏信创投,0,0%,0,0,0,0,0,0
2017-09-30,协众金融,0,0%,14,0,0,0,-1279.75,0
2017-09-30,钱海湾,0,0%,0,0,0,0,0,0
2017-09-30,周转贷,0,0%,0,0,0,0,-177.98,0
2017-09-30,金陵贷,0,0%,0,0,0,0,465.15,-50.5
2017-09-30,汉金所,0,0%,0,0,0,0,20896.44,0
2017-09-30,天天贷,0,0%,0,0,0,0,4.27,0
2017-09-30,易汇人人,0,0%,3,0,0,0,1387.24,-0.28
2017-09-30,财火火,0,0%,0,0,0,0,362.46,0
2017-09-30,超爱财,0,0%,0,0,0,0,14019.41,-73.04
2017-09-30,财富派,0,0%,0,0,0,0,16182.84,-206.27
2017-09-30,贵州网贷,0,0%,0,0,0,0,0,0
2017-09-30,票金所,0,0%,0,0,0,0,124.19,0
2017-09-30,理财去,0,0%,0,0,0,0,3079.73,-1.24
2017-09-30,渣丰投资,0,0%,0,0,0,0,0,0
2017-09-30,幸福贷,0,0%,0,0,0,0,0,0
2017-09-30,金信网,0,0%,0,0,0,0,519345.3,-4555.55
2017-09-30,我企贷,0,0%,0,0,0,0,0,0
2017-09-30,懒财网,0,0%,0,0,0,0,2717274.35,0
2017-09-30,爱当宝,0,0%,5,0,0,0,952.72,0
2017-09-30,皮城金融,0,0%,0,0,0,0,14992.35,-4.83
2017-09-30,小算盘,0,0%,0,0,0,0,0,0
2017-09-30,小树时代理财,0,0%,0,0,0,0,15114.77,-75.84
2017-09-30,大众贷,0,0%,0,0,0,0,2494.03,-30.65
2017-09-30,城城理财,0,0%,0,0,0,0,0,0
2017-09-30,乐升易贷,0,0%,0,0,0,0,864.86,-0.65
2017-09-30,贷贷兴隆,0,0%,0,0,0,0,21998.79,-9.67
2017-09-30,新安左右贷,0,0%,37,0,0,0,30539.44,-44.64
2017-09-30,亿信天合,0,0%,0,0,0,0,0,0
2017-09-30,利融网,0,0%,34,0,0,0,1093.84,-38.46
2017-09-30,金投手,0,0%,0,0,0,0,21797.82,0
2017-09-30,佰易贷,0,0%,0,0,0,0,3822.17,-15.31
2017-09-30,华众金服,0,0%,0,0,0,0,0,0
2017-09-30,小宝金服,0,0%,0,0,0,0,0,0
2017-09-30,正能贷,0,0%,0,0,0,0,38.8,0
2017-09-30,一一贷,0,0%,0,0,0,0,3068.23,0
2017-09-30,好收益,0,0%,157,0,0,0,9414.79,-317.23
2017-09-30,融裕贷,0,0%,0,0,0,0,49.94,0
2017-09-30,麻袋理财,0,0%,0,0,0,0,962320.78,-1924.47
2017-09-30,慈E贷,0,0%,0,0,0,0,100.94,-35.63
2017-09-30,宏鑫宝,0,0%,0,0,0,0,129.86,0
2017-09-30,振源财富,0,0%,0,0,0,0,1078.59,-0.65
2017-09-30,科瑞财富,0,0%,3,0,0,0,1870.81,-10.39
2017-09-30,优投金服,0,0%,0,0,0,0,4770.33,-19.01
2017-09-30,迈信金融,0,0%,2,0,0,0,433.01,-20.46
2017-09-30,互惠理财网,0,0%,0,0,0,0,26652.96,-353.76
2017-09-30,黄鹤金服,0,0%,0,0,0,0,0,0
2017-09-30,融众网,0,0%,24,0,0,0,9731.36,-134.51
2017-09-30,投米,0,0%,0,0,0,0,0,0
2017-09-30,平安理财网,0,0%,0,0,0,0,316.13,0
2017-09-30,财雨网,0,0%,3,0,0,0,1775.15,-0.68
2017-09-30,易天贷,0,0%,0,0,0,0,2598.87,-1.62
2017-09-30,筷来财 ,0,0%,0,0,0,0,8973.9,-132.2
2017-09-30,飞鸟金融,0,0%,0,0,0,0,678.95,-2.28
2017-09-30,众隆金服,0,0%,0,0,0,0,0,0
2017-09-30,莆商贷,0,0%,0,0,0,0,1744.31,-15.53
2017-09-30,新华贷,0,0%,0,0,0,0,0,0
2017-09-30,睿银财富,0,0%,0,0,0,0,0,0
2017-09-30,贷贷网,0,0%,0,0,0,0,2447.31,-24.79
2017-09-30,亿企聚财,0,0%,0,0,0,0,468.37,-100.63
2017-09-30,满益网,0,0%,0,0,0,0,2738.98,-51.15
2017-09-30,随时融,0,0%,0,0,0,0,0,0
2017-09-30,中国融信贷,0,0%,0,0,0,0,-108.56,0
2017-09-30,新联在线,0,0%,0,0,0,0,375918.58,0
2017-09-30,当天金融,0,0%,0,0,0,0,0,0
2017-09-30,轩辕财富,0,0%,0,0,0,0,-0.8,0
2017-09-30,贝贝创投,0,0%,0,0,0,0,0,0
2017-09-30,石榴壳,0,0%,0,0,0,0,2386.11,-31.12
2017-09-30,粒子财富,0,0%,0,0,0,0,2043.75,-27.12
2017-09-30,好借好贷,0,0%,0,0,0,0,0,0
2017-09-30,四海众投,0,0%,0,0,0,0,1960.74,-31.47
2017-09-30,创赢易贷,0,0%,0,0,0,0,0,0
2017-09-30,有喜财富,0,0%,0,0,0,0,2239.13,-5.3
2017-09-30,乐投天下,0,0%,0,0,0,0,48135.66,-100.75
2017-09-30,贷未来,0,0%,7,0,0,0,1307.16,0
2017-09-30,中盛金服,0,0%,0,0,0,0,0,0
2017-09-30,连资贷,0,0%,165,0,0,0,36068.51,-1461.38
2017-09-30,易宝金融,0,0%,0,0,0,0,-14869.75,-4.53
2017-09-30,智融财富,0,0%,0,0,0,0,8060.11,-162.11
2017-09-30,人众金服,0,0%,0,0,0,0,151571.95,-2495.61
2017-09-30,百利市,0,0%,0,0,0,0,5994.24,0
2017-09-30,融魔方,0,0%,0,0,0,0,0,0
2017-09-30,相融网,0,0%,0,0,0,0,4934.8,0
2017-09-30,开鑫金服,0,0%,0,0,0,0,10635.53,-642.31
2017-09-30,汇投资,0,0%,0,0,0,0,0,0
2017-09-30,Formax金融圈,0,0%,0,0,0,0,0,0
2017-09-30,快联财富,0,0%,0,0,0,0,0,0
2017-09-30,微金所,0,0%,0,0,0,0,0,0
2017-09-30,车融资,0,0%,0,0,0,0,1416.11,-2
2017-09-30,普资华企,0,0%,0,0,0,0,30473.75,-704.64
2017-09-30,奔宝贷,0,0%,0,0,0,0,3139.27,0
2017-09-30,腾邦创投,0,0%,0,0,0,0,0,0
2017-09-30,永利宝,0,0%,0,0,0,0,80764.72,-358.01
2017-09-30,冠腾贷,0,0%,0,0,0,0,180.71,-30.38
2017-09-30,e租宝,0,0%,0,0,0,0,0,0
2017-09-30,来财街,0,0%,0,0,0,0,0,0
2017-09-30,91快车,0,0%,0,0,0,0,0,0
2017-09-30,国惠金融,0,0%,0,0,0,0,0,0
2017-09-30,快捷财富,0,0%,63,0,0,0,599.46,-91.35
2017-09-30,文宝保,0,0%,0,0,0,0,3585.74,0
2017-09-30,拍拍贷,0,0%,0,0,0,0,1884395.96,-10666.57
2017-09-30,宏金多,0,0%,0,0,0,0,22.84,0
2017-09-30,壹宝贷,0,0%,0,0,0,0,17319.66,-130.63
2017-09-30,钱程在线,0,0%,0,0,0,0,0,0
2017-09-30,51人品,0,0%,0,0,0,0,0,0
2017-09-30,上网贷,0,0%,0,0,0,0,0,0
2017-09-30,首鸿财富,0,0%,0,0,0,0,-162.56,0
2017-09-30,光合种子,0,0%,0,0,0,0,2231.68,-0.35
2017-09-30,鑫合汇,0,0%,0,0,0,0,410996.18,-77469.35
2017-09-30,迪迪贷,0,0%,0,0,0,0,6862.37,-60.6
2017-09-30,网筹金融,0,0%,0,0,0,0,2488.89,-71.85
2017-09-30,贷贷巴,0,0%,0,0,0,0,0,0
2017-09-30,胖胖猪,0,0%,0,0,0,0,0,0
2017-09-30,润合金融,0,0%,0,0,0,0,2048.22,-0.8
2017-09-30,车易贷,0,0%,0,0,0,0,26161.62,-179.83
2017-09-30,爱钱帮,0,0%,0,0,0,0,93427.11,-1087.95
2017-09-30,点石金融,0,0%,4,0,0,0,1308.21,-10.12
2017-09-30,众易贷,0,0%,0,0,0,0,0,0
2017-09-30,诚投在线,0,0%,0,0,0,0,6438.03,-1.25
2017-09-30,宁安贷,0,0%,0,0,0,0,1352.26,-5.15
2017-09-30,易融恒信,0,0%,0,0,0,0,26549.16,-72.27
2017-09-30,商富贷,0,0%,0,0,0,0,380.42,0
2017-09-30,广裕贷,0,0%,1,0,0,0,273.84,-12.12
2017-09-30,易融贷,0,0%,0,0,0,0,0,0
2017-09-30,微信贷,0,0%,0,0,0,0,857.33,0
2017-09-30,寺库,0,0%,0,0,0,0,6089.77,-108.17
2017-09-30,百合贷,0,0%,0,0,0,0,27827.72,-171.79
2017-09-30,趣投资,0,0%,0,0,0,0,746.5,-66.4
2017-09-30,金统贷,0,0%,0,0,0,0,808.69,-34.28
2017-09-30,孔方兄,0,0%,0,0,0,0,0,0
2017-09-30,智佳金服,0,0%,80,0,0,0,9583.69,-46.04
2017-09-30,信财贷,0,0%,0,0,0,0,1476.15,-0.12
2017-09-30,紫枫信贷,0,0%,0,0,0,0,1597.72,-3.85
2017-09-30,易米阳光,0,0%,0,0,0,0,938.3,0
2017-09-30,百融网,0,0%,0,0,0,0,105,0
2017-09-30,睿信财富,0,0%,0,0,0,0,89.69,-0.1
2017-09-30,万富宝,0,0%,0,0,0,0,2380.71,-12.45
2017-09-30,投储在线,0,0%,0,0,0,0,-53.11,-10.12
2017-09-30,小狗钱钱,0,0%,0,0,0,0,6741.53,0
2017-09-30,诚甄财富,0,0%,0,0,0,0,8.48,0
